"STATION","NAME","LATITUDE","LONGITUDE","ELEVATION","DATE","PRCP","PRCP_ATTRIBUTES","SNOW","SNOW_ATTRIBUTES","SNWD","SNWD_ATTRIBUTES"
"US1VAHR0006","GLEN ALLEN 4.6 W, VA US","37.65537","-77.56873","83.2","2020-01-01","0.0",",,N","0.0",",,N","0.0",",,N"
"US1VAHR0006","GLEN ALLEN 4.6 W, VA US","37.65537","-77.56873","83.2","2020-01-02","0.0",",,N","0.0",",,N","0.0",",,N"
"US1VAHR0006","GLEN ALLEN 4.6 W, VA US","37.65537","-77.56873","83.2","2020-01-03","5.1",",,N","0.0",",,N","0.0",",,N"
"US1VAHR0006","GLEN ALLEN 4.6 W, VA US","37.65537","-77.56873","83.2","2020-01-04","3.3",",,N","0.0",",,N","0.0",",,N"
"US1VAHR0006","GLEN ALLEN 4.6 W, VA US","37.65537","-77.56873","83.2","2020-01-05","7.4",",,N","0.0",",,N","0.0",",,N"
"US1VAHR0006","GLEN ALLEN 4.6 W, VA US","37.65537","-77.56873","83.2","2020-01-06","0.0",",,N","0.0",",,N","0.0",",,N"
"US1VAHR0006","GLEN ALLEN 4.6 W, VA US","37.65537","-77.56873","83.2","2020-01-07","0.0",",,N","0.0",",,N","0.0",",,N"
"US1VAHR0006","GLEN ALLEN 4.6 W, VA US","37.65537","-77.56873","83.2","2020-01-08","9.1",",,N","0.0",",,N","0.0",",,N"
"US1VAHR0006","GLEN ALLEN 4.6 W, VA US","37.65537","-77.56873","83.2","2020-01-09","0.0",",,N","0.0",",,N","0.0",",,N"
"US1VAHR0006","GLEN ALLEN 4.6 W, VA US","37.65537","-77.56873","83.2","2020-01-10","0.0",",,N","0.0",",,N","0.0",",,N"
"US1VAHR0006","GLEN ALLEN 4.6 W, VA US","37.65537","-77.56873","83.2","2020-01-11","0.0",",,N","0.0",",,N","0.0",",,N"
"US1VAHR0006","GLEN ALLEN 4.6 W, VA US","37.65537","-77.56873","83.2","2020-01-12","6.6",",,N","0.0",",,N","0.0",",,N"
"US1VAHR0006","GLEN ALLEN 4.6 W, VA US","37.65537","-77.56873","83.2","2020-01-13","0.0",",,N","0.0",",,N","0.0",",,N"
"US1VAHR0006","GLEN ALLEN 4.6 W, VA US","37.65537","-77.56873","83.2","2020-01-14","18.5",",,N","0.0",",,N","0.0",",,N"
"US1VAHR0006","GLEN ALLEN 4.6 W, VA US","37.65537","-77.56873","83.2","2020-01-15","3.3",",,N","0.0",",,N","0.0",",,N"
"US1VAHR0006","GLEN ALLEN 4.6 W, VA US","37.65537","-77.56873","83.2","2020-01-16","0.3",",,N","0.0",",,N","0.0",",,N"
"US1VAHR0006","GLEN ALLEN 4.6 W, VA US","37.65537","-77.56873","83.2","2020-01-17","0.0",",,N","0.0",",,N","0.0",",,N"
"US1VAHR0006","GLEN ALLEN 4.6 W, VA US","37.65537","-77.56873","83.2","2020-01-18","0.3",",,N","0.0","T,,N","0.0",",,N"
"US1VAHR0006","GLEN ALLEN 4.6 W, VA US","37.65537","-77.56873","83.2","2020-01-19","4.1",",,N","0.0",",,N","0.0",",,N"
"US1VAHR0006","GLEN ALLEN 4.6 W, VA US","37.65537","-77.56873","83.2","2020-01-20","0.0",",,N","0.0",",,N","0.0",",,N"
"US1VAHR0006","GLEN ALLEN 4.6 W, VA US","37.65537","-77.56873","83.2","2020-01-21","0.0",",,N","0.0",",,N","0.0",",,N"
"US1VAHR0006","GLEN ALLEN 4.6 W, VA US","37.65537","-77.56873","83.2","2020-01-22","0.0",",,N","0.0",",,N","0.0",",,N"
"US1VAHR0006","GLEN ALLEN 4.6 W, VA US","37.65537","-77.56873","83.2","2020-01-23","0.0",",,N","0.0",",,N","0.0",",,N"
"US1VAHR0006","GLEN ALLEN 4.6 W, VA US","37.65537","-77.56873","83.2","2020-01-24","0.0",",,N","0.0",",,N","0.0",",,N"
"US1VAHR0006","GLEN ALLEN 4.6 W, VA US","37.65537","-77.56873","83.2","2020-01-25","23.1",",,N","0.0",",,N","0.0",",,N"
"US1VAHR0006","GLEN ALLEN 4.6 W, VA US","37.65537","-77.56873","83.2","2020-01-26","0.0",",,N","0.0",",,N","0.0",",,N"
"US1VAHR0006","GLEN ALLEN 4.6 W, VA US","37.65537","-77.56873","83.2","2020-01-27","0.0",",,N","0.0",",,N","0.0",",,N"
"US1VAHR0006","GLEN ALLEN 4.6 W, VA US","37.65537","-77.56873","83.2","2020-01-28","0.0",",,N","0.0",",,N","0.0",",,N"
"US1VAHR0006","GLEN ALLEN 4.6 W, VA US","37.65537","-77.56873","83.2","2020-01-29","0.0",",,N","0.0",",,N","0.0",",,N"
"US1VAHR0006","GLEN ALLEN 4.6 W, VA US","37.65537","-77.56873","83.2","2020-01-30","0.0",",,N","0.0",",,N","0.0",",,N"
"US1VAHR0006","GLEN ALLEN 4.6 W, VA US","37.65537","-77.56873","83.2","2020-01-31","0.0",",,N","0.0",",,N","0.0",",,N"
"US1VAHR0006","GLEN ALLEN 4.6 W, VA US","37.65537","-77.56873","83.2","2020-02-01","2.3",",,N","0.0",",,N","0.0",",,N"
"US1VAHR0006","GLEN ALLEN 4.6 W, VA US","37.65537","-77.56873","83.2","2020-02-02","0.3",",,N","0.0",",,N","0.0",",,N"
"US1VAHR0006","GLEN ALLEN 4.6 W, VA US","37.65537","-77.56873","83.2","2020-02-03","0.0",",,N","0.0",",,N","0.0",",,N"
"US1VAHR0006","GLEN ALLEN 4.6 W, VA US","37.65537","-77.56873","83.2","2020-02-04","0.0","T,,N","0.0",",,N","0.0",",,N"
"US1VAHR0006","GLEN ALLEN 4.6 W, VA US","37.65537","-77.56873","83.2","2020-02-05","0.8",",,N","0.0",",,N","0.0",",,N"
"US1VAHR0006","GLEN ALLEN 4.6 W, VA US","37.65537","-77.56873","83.2","2020-02-06","7.1",",,N","0.0",",,N","0.0",",,N"
"US1VAHR0006","GLEN ALLEN 4.6 W, VA US","37.65537","-77.56873","83.2","2020-02-07","43.2",",,N","0.0",",,N","0.0",",,N"
"US1VAHR0006","GLEN ALLEN 4.6 W, VA US","37.65537","-77.56873","83.2","2020-02-08","1.3",",,N","0.0",",,N","0.0",",,N"
"US1VAHR0006","GLEN ALLEN 4.6 W, VA US","37.65537","-77.56873","83.2","2020-02-09","0.0",",,N","0.0",",,N","0.0",",,N"
"US1VAHR0006","GLEN ALLEN 4.6 W, VA US","37.65537","-77.56873","83.2","2020-02-10","0.0",",,N","0.0",",,N","0.0",",,N"
"US1VAHR0006","GLEN ALLEN 4.6 W, VA US","37.65537","-77.56873","83.2","2020-02-11","10.9",",,N","0.0",",,N","0.0",",,N"
"US1VAHR0006","GLEN ALLEN 4.6 W, VA US","37.65537","-77.56873","83.2","2020-02-12","12.2",",,N","0.0",",,N","0.0",",,N"
"US1VAHR0006","GLEN ALLEN 4.6 W, VA US","37.65537","-77.56873","83.2","2020-02-13","1.0",",,N","0.0",",,N","0.0",",,N"
"US1VAHR0006","GLEN ALLEN 4.6 W, VA US","37.65537","-77.56873","83.2","2020-02-14","4.6",",,N","0.0",",,N","0.0",",,N"
"US1VAHR0006","GLEN ALLEN 4.6 W, VA US","37.65537","-77.56873","83.2","2020-02-15","0.0",",,N","0.0",",,N","0.0",",,N"
"US1VAHR0006","GLEN ALLEN 4.6 W, VA US","37.65537","-77.56873","83.2","2020-02-16","0.0",",,N","0.0",",,N","0.0",",,N"
"US1VAHR0006","GLEN ALLEN 4.6 W, VA US","37.65537","-77.56873","83.2","2020-02-17","0.0",",,N","0.0",",,N","0.0",",,N"
"US1VAHR0006","GLEN ALLEN 4.6 W, VA US","37.65537","-77.56873","83.2","2020-02-18","0.0",",,N","0.0",",,N","0.0",",,N"
"US1VAHR0006","GLEN ALLEN 4.6 W, VA US","37.65537","-77.56873","83.2","2020-02-19","4.1",",,N","0.0",",,N","0.0",",,N"
"US1VAHR0006","GLEN ALLEN 4.6 W, VA US","37.65537","-77.56873","83.2","2020-02-20","0.0",",,N","0.0",",,N","0.0",",,N"
"US1VAHR0006","GLEN ALLEN 4.6 W, VA US","37.65537","-77.56873","83.2","2020-02-21","0.0","T,,N","0.0","T,,N","0.0",",,N"
"US1VAHR0006","GLEN ALLEN 4.6 W, VA US","37.65537","-77.56873","83.2","2020-02-22","0.0",",,N","0.0",",,N","0.0",",,N"
"US1VAHR0006","GLEN ALLEN 4.6 W, VA US","37.65537","-77.56873","83.2","2020-02-23","0.0",",,N","0.0",",,N","0.0",",,N"
"US1VAHR0006","GLEN ALLEN 4.6 W, VA US","37.65537","-77.56873","83.2","2020-02-24","0.0",",,N","0.0",",,N","0.0",",,N"
"US1VAHR0006","GLEN ALLEN 4.6 W, VA US","37.65537","-77.56873","83.2","2020-02-25","6.4",",,N","0.0",",,N","0.0",",,N"
"US1VAHR0006","GLEN ALLEN 4.6 W, VA US","37.65537","-77.56873","83.2","2020-02-26","3.8",",,N","0.0",",,N","0.0",",,N"
"US1VAHR0006","GLEN ALLEN 4.6 W, VA US","37.65537","-77.56873","83.2","2020-02-27","0.5",",,N","0.0",",,N","0.0",",,N"
"US1VAHR0006","GLEN ALLEN 4.6 W, VA US","37.65537","-77.56873","83.2","2020-02-28","0.0",",,N","0.0",",,N","0.0",",,N"
"US1VAHR0006","GLEN ALLEN 4.6 W, VA US","37.65537","-77.56873","83.2","2020-02-29","0.0",",,N","0.0",",,N","0.0",",,N"
"US1VAHR0006","GLEN ALLEN 4.6 W, VA US","37.65537","-77.56873","83.2","2020-03-01","0.0",",,N","0.0",",,N","0.0",",,N"
"US1VAHR0006","GLEN ALLEN 4.6 W, VA US","37.65537","-77.56873","83.2","2020-03-02","0.0",",,N","0.0",",,N","0.0",",,N"
"US1VAHR0006","GLEN ALLEN 4.6 W, VA US","37.65537","-77.56873","83.2","2020-03-03","0.0","T,,N","0.0",",,N","0.0",",,N"
"US1VAHR0006","GLEN ALLEN 4.6 W, VA US","37.65537","-77.56873","83.2","2020-03-04","0.0","T,,N","0.0",",,N","0.0",",,N"
"US1VAHR0006","GLEN ALLEN 4.6 W, VA US","37.65537","-77.56873","83.2","2020-03-05","0.0",",,N","0.0",",,N","0.0",",,N"
"US1VAHR0006","GLEN ALLEN 4.6 W, VA US","37.65537","-77.56873","83.2","2020-03-06","0.0","T,,N","0.0",",,N","0.0",",,N"
"US1VAHR0006","GLEN ALLEN 4.6 W, VA US","37.65537","-77.56873","83.2","2020-03-07","0.0","T,,N","0.0",",,N","0.0",",,N"
"US1VAHR0006","GLEN ALLEN 4.6 W, VA US","37.65537","-77.56873","83.2","2020-03-08","0.0",",,N","0.0",",,N","0.0",",,N"
"US1VAHR0006","GLEN ALLEN 4.6 W, VA US","37.65537","-77.56873","83.2","2020-03-09","0.0",",,N","0.0",",,N","0.0",",,N"
"US1VAHR0006","GLEN ALLEN 4.6 W, VA US","37.65537","-77.56873","83.2","2020-03-10","0.0",",,N","0.0",",,N","0.0",",,N"
"US1VAHR0006","GLEN ALLEN 4.6 W, VA US","37.65537","-77.56873","83.2","2020-03-11","0.0","T,,N","0.0",",,N","0.0",",,N"
"US1VAHR0006","GLEN ALLEN 4.6 W, VA US","37.65537","-77.56873","83.2","2020-03-12","0.0",",,N","0.0",",,N","0.0",",,N"
"US1VAHR0006","GLEN ALLEN 4.6 W, VA US","37.65537","-77.56873","83.2","2020-03-13","1.5",",,N","0.0",",,N","0.0",",,N"
"US1VAHR0006","GLEN ALLEN 4.6 W, VA US","37.65537","-77.56873","83.2","2020-03-14","0.5",",,N","0.0",",,N","0.0",",,N"
"US1VAHR0006","GLEN ALLEN 4.6 W, VA US","37.65537","-77.56873","83.2","2020-03-15","0.3",",,N","0.0",",,N","0.0",",,N"
"US1VAHR0006","GLEN ALLEN 4.6 W, VA US","37.65537","-77.56873","83.2","2020-03-16","0.0",",,N","0.0",",,N","0.0",",,N"
"US1VAHR0006","GLEN ALLEN 4.6 W, VA US","37.65537","-77.56873","83.2","2020-03-17","0.0",",,N","0.0",",,N","0.0",",,N"
"US1VAHR0006","GLEN ALLEN 4.6 W, VA US","37.65537","-77.56873","83.2","2020-03-18","0.0","T,,N","0.0",",,N","0.0",",,N"
"US1VAHR0006","GLEN ALLEN 4.6 W, VA US","37.65537","-77.56873","83.2","2020-03-19","3.3",",,N","0.0",",,N","0.0",",,N"
"US1VAHR0006","GLEN ALLEN 4.6 W, VA US","37.65537","-77.56873","83.2","2020-03-20","0.0",",,N","0.0",",,N","0.0",",,N"
"US1VAHR0006","GLEN ALLEN 4.6 W, VA US","37.65537","-77.56873","83.2","2020-03-21","3.8",",,N","0.0",",,N","0.0",",,N"
"US1VAHR0006","GLEN ALLEN 4.6 W, VA US","37.65537","-77.56873","83.2","2020-03-22","0.0","T,,N","0.0",",,N","0.0",",,N"
"US1VAHR0006","GLEN ALLEN 4.6 W, VA US","37.65537","-77.56873","83.2","2020-03-23","17.3",",,N","0.0",",,N","0.0",",,N"
"US1VAHR0006","GLEN ALLEN 4.6 W, VA US","37.65537","-77.56873","83.2","2020-03-24","2.8",",,N","0.0",",,N","0.0",",,N"
"US1VAHR0006","GLEN ALLEN 4.6 W, VA US","37.65537","-77.56873","83.2","2020-03-25","11.2",",,N","0.0",",,N","0.0",",,N"
"US1VAHR0006","GLEN ALLEN 4.6 W, VA US","37.65537","-77.56873","83.2","2020-03-26","6.6",",,N","0.0",",,N","0.0",",,N"
"US1VAHR0006","GLEN ALLEN 4.6 W, VA US","37.65537","-77.56873","83.2","2020-03-27","0.0",",,N","0.0",",,N","0.0",",,N"
"US1VAHR0006","GLEN ALLEN 4.6 W, VA US","37.65537","-77.56873","83.2","2020-03-28","0.0","T,,N","0.0",",,N","0.0",",,N"
"US1VAHR0006","GLEN ALLEN 4.6 W, VA US","37.65537","-77.56873","83.2","2020-03-29","0.0",",,N","0.0",",,N","0.0",",,N"
"US1VAHR0006","GLEN ALLEN 4.6 W, VA US","37.65537","-77.56873","83.2","2020-03-30","0.0",",,N","0.0",",,N","0.0",",,N"
"US1VAHR0006","GLEN ALLEN 4.6 W, VA US","37.65537","-77.56873","83.2","2020-03-31","0.0",",,N","0.0",",,N","0.0",",,N"
"US1VAHR0006","GLEN ALLEN 4.6 W, VA US","37.65537","-77.56873","83.2","2020-04-01","11.4",",,N","0.0",",,N","0.0",",,N"
"US1VAHR0006","GLEN ALLEN 4.6 W, VA US","37.65537","-77.56873","83.2","2020-04-02","0.0",",,N","0.0",",,N","0.0",",,N"
"US1VAHR0006","GLEN ALLEN 4.6 W, VA US","37.65537","-77.56873","83.2","2020-04-03","0.0",",,N","0.0",",,N","0.0",",,N"
"US1VAHR0006","GLEN ALLEN 4.6 W, VA US","37.65537","-77.56873","83.2","2020-04-04","0.0",",,N","0.0",",,N","0.0",",,N"
"US1VAHR0006","GLEN ALLEN 4.6 W, VA US","37.65537","-77.56873","83.2","2020-04-05","0.0",",,N","0.0",",,N","0.0",",,N"
"US1VAHR0006","GLEN ALLEN 4.6 W, VA US","37.65537","-77.56873","83.2","2020-04-06","2.8",",,N","0.0",",,N","0.0",",,N"
"US1VAHR0006","GLEN ALLEN 4.6 W, VA US","37.65537","-77.56873","83.2","2020-04-07","0.0","T,,N","0.0",",,N","0.0",",,N"
"US1VAHR0006","GLEN ALLEN 4.6 W, VA US","37.65537","-77.56873","83.2","2020-04-08","7.9",",,N","0.0",",,N","0.0",",,N"
"US1VAHR0006","GLEN ALLEN 4.6 W, VA US","37.65537","-77.56873","83.2","2020-04-09","2.8",",,N","0.0",",,N","0.0",",,N"
"US1VAHR0006","GLEN ALLEN 4.6 W, VA US","37.65537","-77.56873","83.2","2020-04-10","0.8",",,N","0.0",",,N","0.0",",,N"
"US1VAHR0006","GLEN ALLEN 4.6 W, VA US","37.65537","-77.56873","83.2","2020-04-11","0.0",",,N","0.0",",,N","0.0",",,N"
"US1VAHR0006","GLEN ALLEN 4.6 W, VA US","37.65537","-77.56873","83.2","2020-04-12","0.0","T,,N","0.0",",,N","0.0",",,N"
"US1VAHR0006","GLEN ALLEN 4.6 W, VA US","37.65537","-77.56873","83.2","2020-04-13","3.3",",,N","0.0",",,N","0.0",",,N"
"US1VAHR0006","GLEN ALLEN 4.6 W, VA US","37.65537","-77.56873","83.2","2020-04-14","12.4",",,N","0.0",",,N","0.0",",,N"
"US1VAHR0006","GLEN ALLEN 4.6 W, VA US","37.65537","-77.56873","83.2","2020-04-15","6.9",",,N","0.0",",,N","0.0",",,N"
"US1VAHR0006","GLEN ALLEN 4.6 W, VA US","37.65537","-77.56873","83.2","2020-04-16","0.0",",,N","0.0",",,N","0.0",",,N"
"US1VAHR0006","GLEN ALLEN 4.6 W, VA US","37.65537","-77.56873","83.2","2020-04-17","0.0",",,N","0.0",",,N","0.0",",,N"
"US1VAHR0006","GLEN ALLEN 4.6 W, VA US","37.65537","-77.56873","83.2","2020-04-18","0.0","T,,N","0.0",",,N","0.0",",,N"
"US1VAHR0006","GLEN ALLEN 4.6 W, VA US","37.65537","-77.56873","83.2","2020-04-19","2.0",",,N","0.0",",,N","0.0",",,N"
"US1VAHR0006","GLEN ALLEN 4.6 W, VA US","37.65537","-77.56873","83.2","2020-04-20","0.3",",,N","0.0",",,N","0.0",",,N"
"US1VAHR0006","GLEN ALLEN 4.6 W, VA US","37.65537","-77.56873","83.2","2020-04-21","9.1",",,N","0.0",",,N","0.0",",,N"
"US1VAHR0006","GLEN ALLEN 4.6 W, VA US","37.65537","-77.56873","83.2","2020-04-22","0.0","T,,N","0.0",",,N","0.0",",,N"
"US1VAHR0006","GLEN ALLEN 4.6 W, VA US","37.65537","-77.56873","83.2","2020-04-23","0.0",",,N","0.0",",,N","0.0",",,N"
"US1VAHR0006","GLEN ALLEN 4.6 W, VA US","37.65537","-77.56873","83.2","2020-04-24","10.9",",,N","0.0",",,N","0.0",",,N"
"US1VAHR0006","GLEN ALLEN 4.6 W, VA US","37.65537","-77.56873","83.2","2020-04-25","2.3",",,N","0.0",",,N","0.0",",,N"
"US1VAHR0006","GLEN ALLEN 4.6 W, VA US","37.65537","-77.56873","83.2","2020-04-26","20.1",",,N","0.0",",,N","0.0",",,N"
"US1VAHR0006","GLEN ALLEN 4.6 W, VA US","37.65537","-77.56873","83.2","2020-04-27","0.5",",,N","0.0",",,N","0.0",",,N"
"US1VAHR0006","GLEN ALLEN 4.6 W, VA US","37.65537","-77.56873","83.2","2020-04-28","0.0",",,N","0.0",",,N","0.0",",,N"
"US1VAHR0006","GLEN ALLEN 4.6 W, VA US","37.65537","-77.56873","83.2","2020-04-29","0.0",",,N","0.0",",,N","0.0",",,N"
"US1VAHR0006","GLEN ALLEN 4.6 W, VA US","37.65537","-77.56873","83.2","2020-04-30","0.0","T,,N","0.0",",,N","0.0",",,N"
"US1VAHR0006","GLEN ALLEN 4.6 W, VA US","37.65537","-77.56873","83.2","2020-05-01","39.4",",,N","0.0",",,N","0.0",",,N"
"US1VAHR0006","GLEN ALLEN 4.6 W, VA US","37.65537","-77.56873","83.2","2020-05-02","2.3",",,N","0.0",",,N","0.0",",,N"
"US1VAHR0006","GLEN ALLEN 4.6 W, VA US","37.65537","-77.56873","83.2","2020-05-03","0.0",",,N","0.0",",,N","0.0",",,N"
"US1VAHR0006","GLEN ALLEN 4.6 W, VA US","37.65537","-77.56873","83.2","2020-05-04","0.0","T,,N","0.0",",,N","0.0",",,N"
"US1VAHR0006","GLEN ALLEN 4.6 W, VA US","37.65537","-77.56873","83.2","2020-05-05","0.0",",,N","0.0",",,N","0.0",",,N"
"US1VAHR0006","GLEN ALLEN 4.6 W, VA US","37.65537","-77.56873","83.2","2020-05-06","10.7",",,N","0.0",",,N","0.0",",,N"
"US1VAHR0006","GLEN ALLEN 4.6 W, VA US","37.65537","-77.56873","83.2","2020-05-07","0.0","T,,N","0.0",",,N","0.0",",,N"
"US1VAHR0006","GLEN ALLEN 4.6 W, VA US","37.65537","-77.56873","83.2","2020-05-08","0.0",",,N","0.0",",,N","0.0",",,N"
"US1VAHR0006","GLEN ALLEN 4.6 W, VA US","37.65537","-77.56873","83.2","2020-05-09","1.8",",,N","0.0",",,N","0.0",",,N"
"US1VAHR0006","GLEN ALLEN 4.6 W, VA US","37.65537","-77.56873","83.2","2020-05-10","0.0",",,N","0.0",",,N","0.0",",,N"
"US1VAHR0006","GLEN ALLEN 4.6 W, VA US","37.65537","-77.56873","83.2","2020-05-11","0.0","T,,N","0.0",",,N","0.0",",,N"
"US1VAHR0006","GLEN ALLEN 4.6 W, VA US","37.65537","-77.56873","83.2","2020-05-12","0.0","T,,N","0.0",",,N","0.0",",,N"
"US1VAHR0006","GLEN ALLEN 4.6 W, VA US","37.65537","-77.56873","83.2","2020-05-13","0.0",",,N","0.0",",,N","0.0",",,N"
"US1VAHR0006","GLEN ALLEN 4.6 W, VA US","37.65537","-77.56873","83.2","2020-05-14","0.0","T,,N","0.0",",,N","0.0",",,N"
"US1VAHR0006","GLEN ALLEN 4.6 W, VA US","37.65537","-77.56873","83.2","2020-05-15","0.0","T,,N","0.0",",,N","0.0",",,N"
"US1VAHR0006","GLEN ALLEN 4.6 W, VA US","37.65537","-77.56873","83.2","2020-05-16","0.0",",,N","0.0",",,N","0.0",",,N"
"US1VAHR0006","GLEN ALLEN 4.6 W, VA US","37.65537","-77.56873","83.2","2020-05-17","0.0","T,,N","0.0",",,N","0.0",",,N"
"US1VAHR0006","GLEN ALLEN 4.6 W, VA US","37.65537","-77.56873","83.2","2020-05-18","1.3",",,N","0.0",",,N","0.0",",,N"
"US1VAHR0006","GLEN ALLEN 4.6 W, VA US","37.65537","-77.56873","83.2","2020-05-19","2.5",",,N","0.0",",,N","0.0",",,N"
"US1VAHR0006","GLEN ALLEN 4.6 W, VA US","37.65537","-77.56873","83.2","2020-05-20","1.0",",,N","0.0",",,N","0.0",",,N"
"US1VAHR0006","GLEN ALLEN 4.6 W, VA US","37.65537","-77.56873","83.2","2020-05-21","0.3",",,N","0.0",",,N","0.0",",,N"
"US1VAHR0006","GLEN ALLEN 4.6 W, VA US","37.65537","-77.56873","83.2","2020-05-22","17.8",",,N","0.0",",,N","0.0",",,N"
"US1VAHR0006","GLEN ALLEN 4.6 W, VA US","37.65537","-77.56873","83.2","2020-05-23","0.8",",,N","0.0",",,N","0.0",",,N"
"US1VAHR0006","GLEN ALLEN 4.6 W, VA US","37.65537","-77.56873","83.2","2020-05-24","0.0",",,N","0.0",",,N","0.0",",,N"
"US1VAHR0006","GLEN ALLEN 4.6 W, VA US","37.65537","-77.56873","83.2","2020-05-25","0.0",",,N","0.0",",,N","0.0",",,N"
"US1VAHR0006","GLEN ALLEN 4.6 W, VA US","37.65537","-77.56873","83.2","2020-05-26","0.0",",,N","0.0",",,N","0.0",",,N"
"US1VAHR0006","GLEN ALLEN 4.6 W, VA US","37.65537","-77.56873","83.2","2020-05-27","0.0",",,N","0.0",",,N","0.0",",,N"
"US1VAHR0006","GLEN ALLEN 4.6 W, VA US","37.65537","-77.56873","83.2","2020-05-28","3.8",",,N","0.0",",,N","0.0",",,N"
"US1VAHR0006","GLEN ALLEN 4.6 W, VA US","37.65537","-77.56873","83.2","2020-05-29","10.4",",,N","0.0",",,N","0.0",",,N"
"US1VAHR0006","GLEN ALLEN 4.6 W, VA US","37.65537","-77.56873","83.2","2020-05-30","0.0","T,,N","0.0",",,N","0.0",",,N"
"US1VAHR0006","GLEN ALLEN 4.6 W, VA US","37.65537","-77.56873","83.2","2020-05-31","0.0","T,,N","0.0",",,N","0.0",",,N"
"US1VAHR0006","GLEN ALLEN 4.6 W, VA US","37.65537","-77.56873","83.2","2020-06-01","0.0",",,N","0.0",",,N",,
"US1VAHR0006","GLEN ALLEN 4.6 W, VA US","37.65537","-77.56873","83.2","2020-06-02","0.0",",,N","0.0",",,N",,
"US1VAHR0006","GLEN ALLEN 4.6 W, VA US","37.65537","-77.56873","83.2","2020-06-03","0.0","T,,N","0.0",",,N","0.0",",,N"
"US1VAHR0006","GLEN ALLEN 4.6 W, VA US","37.65537","-77.56873","83.2","2020-06-04","0.0",",,N","0.0",",,N",,
"US1VAHR0006","GLEN ALLEN 4.6 W, VA US","37.65537","-77.56873","83.2","2020-06-05","0.0",",,N","0.0",",,N",,
"US1VAHR0006","GLEN ALLEN 4.6 W, VA US","37.65537","-77.56873","83.2","2020-06-06","2.0",",,N",,,,
"US1VAHR0006","GLEN ALLEN 4.6 W, VA US","37.65537","-77.56873","83.2","2020-06-07","0.0","T,,N",,,,
"US1VAHR0006","GLEN ALLEN 4.6 W, VA US","37.65537","-77.56873","83.2","2020-06-08","0.0",",,N","0.0",",,N",,
"US1VAHR0006","GLEN ALLEN 4.6 W, VA US","37.65537","-77.56873","83.2","2020-06-09","0.0",",,N","0.0",",,N",,
"US1VAHR0006","GLEN ALLEN 4.6 W, VA US","37.65537","-77.56873","83.2","2020-06-10","0.0",",,N","0.0",",,N",,
"US1VAHR0006","GLEN ALLEN 4.6 W, VA US","37.65537","-77.56873","83.2","2020-06-11","0.0","T,,N",,,,
"US1VAHR0006","GLEN ALLEN 4.6 W, VA US","37.65537","-77.56873","83.2","2020-06-12","33.8",",,N",,,,
"US1VAHR0006","GLEN ALLEN 4.6 W, VA US","37.65537","-77.56873","83.2","2020-06-13","0.0",",,N","0.0",",,N",,
"US1VAHR0006","GLEN ALLEN 4.6 W, VA US","37.65537","-77.56873","83.2","2020-06-14","0.0",",,N","0.0",",,N",,
"US1VAHR0006","GLEN ALLEN 4.6 W, VA US","37.65537","-77.56873","83.2","2020-06-15","0.0","T,,N",,,,
"US1VAHR0006","GLEN ALLEN 4.6 W, VA US","37.65537","-77.56873","83.2","2020-06-16","1.8",",,N",,,,
"US1VAHR0006","GLEN ALLEN 4.6 W, VA US","37.65537","-77.56873","83.2","2020-06-17","15.5",",,N",,,,
"US1VAHR0006","GLEN ALLEN 4.6 W, VA US","37.65537","-77.56873","83.2","2020-06-18","12.4",",,N",,,,
"US1VAHR0006","GLEN ALLEN 4.6 W, VA US","37.65537","-77.56873","83.2","2020-06-19","0.0","T,,N",,,,
"US1VAHR0006","GLEN ALLEN 4.6 W, VA US","37.65537","-77.56873","83.2","2020-06-20","39.1",",,N",,,,
"US1VAHR0006","GLEN ALLEN 4.6 W, VA US","37.65537","-77.56873","83.2","2020-06-21","0.0",",,N","0.0",",,N",,
"US1VAHR0006","GLEN ALLEN 4.6 W, VA US","37.65537","-77.56873","83.2","2020-06-22","0.0",",,N","0.0",",,N",,
"US1VAHR0006","GLEN ALLEN 4.6 W, VA US","37.65537","-77.56873","83.2","2020-06-23","3.6",",,N",,,,
"US1VAHR0006","GLEN ALLEN 4.6 W, VA US","37.65537","-77.56873","83.2","2020-06-24","4.6",",,N",,,,
"US1VAHR0006","GLEN ALLEN 4.6 W, VA US","37.65537","-77.56873","83.2","2020-06-25","0.0",",,N","0.0",",,N",,
"US1VAHR0006","GLEN ALLEN 4.6 W, VA US","37.65537","-77.56873","83.2","2020-06-26","8.4",",,N",,,,
"US1VAHR0006","GLEN ALLEN 4.6 W, VA US","37.65537","-77.56873","83.2","2020-06-27","0.0",",,N","0.0",",,N",,
"US1VAHR0006","GLEN ALLEN 4.6 W, VA US","37.65537","-77.56873","83.2","2020-06-28","0.0",",,N","0.0",",,N",,
"US1VAHR0006","GLEN ALLEN 4.6 W, VA US","37.65537","-77.56873","83.2","2020-06-29","0.5",",,N",,,,
"US1VAHR0006","GLEN ALLEN 4.6 W, VA US","37.65537","-77.56873","83.2","2020-06-30","0.0",",,N","0.0",",,N",,
"US1VAHR0006","GLEN ALLEN 4.6 W, VA US","37.65537","-77.56873","83.2","2020-07-01","0.0","T,,N",,,,
"US1VAHR0006","GLEN ALLEN 4.6 W, VA US","37.65537","-77.56873","83.2","2020-07-02","74.9",",,N",,,,
"US1VAHR0006","GLEN ALLEN 4.6 W, VA US","37.65537","-77.56873","83.2","2020-07-03","0.0",",,N","0.0",",,N",,
"US1VAHR0006","GLEN ALLEN 4.6 W, VA US","37.65537","-77.56873","83.2","2020-07-04","0.0",",,N","0.0",",,N",,
"US1VAHR0006","GLEN ALLEN 4.6 W, VA US","37.65537","-77.56873","83.2","2020-07-05","0.0",",,N","0.0",",,N",,
"US1VAHR0006","GLEN ALLEN 4.6 W, VA US","37.65537","-77.56873","83.2","2020-07-06","0.0",",,N","0.0",",,N",,
"US1VAHR0006","GLEN ALLEN 4.6 W, VA US","37.65537","-77.56873","83.2","2020-07-07","0.0",",,N","0.0",",,N",,
"US1VAHR0006","GLEN ALLEN 4.6 W, VA US","37.65537","-77.56873","83.2","2020-07-08","0.0",",,N","0.0",",,N",,
"US1VAHR0006","GLEN ALLEN 4.6 W, VA US","37.65537","-77.56873","83.2","2020-07-09","0.0",",,N","0.0",",,N",,
"US1VAHR0006","GLEN ALLEN 4.6 W, VA US","37.65537","-77.56873","83.2","2020-07-10","0.0",",,N","0.0",",,N",,
"US1VAHR0006","GLEN ALLEN 4.6 W, VA US","37.65537","-77.56873","83.2","2020-07-11","11.7",",,N",,,,
"US1VAHR0006","GLEN ALLEN 4.6 W, VA US","37.65537","-77.56873","83.2","2020-07-12","0.0",",,N","0.0",",,N",,
"US1VAHR0006","GLEN ALLEN 4.6 W, VA US","37.65537","-77.56873","83.2","2020-07-13","0.3",",,N",,,,
"US1VAHR0006","GLEN ALLEN 4.6 W, VA US","37.65537","-77.56873","83.2","2020-07-14","0.0",",,N","0.0",",,N",,
"US1VAHR0006","GLEN ALLEN 4.6 W, VA US","37.65537","-77.56873","83.2","2020-07-15","0.0",",,N","0.0",",,N",,
"US1VAHR0006","GLEN ALLEN 4.6 W, VA US","37.65537","-77.56873","83.2","2020-07-16","0.0",",,N","0.0",",,N",,
"US1VAHR0006","GLEN ALLEN 4.6 W, VA US","37.65537","-77.56873","83.2","2020-07-17","0.0",",,N","0.0",",,N",,
"US1VAHR0006","GLEN ALLEN 4.6 W, VA US","37.65537","-77.56873","83.2","2020-07-18","0.0",",,N","0.0",",,N",,
"US1VAHR0006","GLEN ALLEN 4.6 W, VA US","37.65537","-77.56873","83.2","2020-07-19","0.0",",,N","0.0",",,N",,
"US1VAHR0006","GLEN ALLEN 4.6 W, VA US","37.65537","-77.56873","83.2","2020-07-20","0.0",",,N","0.0",",,N",,
"US1VAHR0006","GLEN ALLEN 4.6 W, VA US","37.65537","-77.56873","83.2","2020-07-21","0.0",",,N","0.0",",,N",,
"US1VAHR0006","GLEN ALLEN 4.6 W, VA US","37.65537","-77.56873","83.2","2020-07-22","11.9",",,N",,,,
"US1VAHR0006","GLEN ALLEN 4.6 W, VA US","37.65537","-77.56873","83.2","2020-07-23","9.7",",,N",,,,
"US1VAHR0006","GLEN ALLEN 4.6 W, VA US","37.65537","-77.56873","83.2","2020-07-24","1.8",",,N",,,,
"US1VAHR0006","GLEN ALLEN 4.6 W, VA US","37.65537","-77.56873","83.2","2020-07-25","0.0","T,,N",,,,
"US1VAHR0006","GLEN ALLEN 4.6 W, VA US","37.65537","-77.56873","83.2","2020-07-26","0.0",",,N","0.0",",,N",,
"US1VAHR0006","GLEN ALLEN 4.6 W, VA US","37.65537","-77.56873","83.2","2020-07-27","0.0",",,N","0.0",",,N",,
